"x1","x3","x4"
2.27271058922634,10.5884099695832,0.575155040249228
5.91756467800587,27.5013873619027,1.57661027088761
2.77423115773126,13.5287773190066,0.8179538436234
7.00496490160003,32.6399720725603,1.76603480800986
7.33828202122822,34.2861080877483,1.88093456858769
1.22911262139678,5.46670139394701,0.0911129987798631
4.71601717313752,21.3801631573588,1.05621097609401
5.94531442737207,28.6563252452761,1.78483808878809
3.43986631045118,16.9476117240265,1.10287002893165
3.62075466150418,16.7853092104197,0.913229470606893
6.66519778780639,33.1795199555345,1.91366669069976
3.40187367750332,16.180323319044,0.906668312381953
4.43570445012301,22.6351615223102,1.35514127090573
4.44979586545378,21.4381878143176,1.14526680391282
0.655930157285184,5.18720354465768,0.205849365331233
6.94632190139964,32.0192452706397,1.79964994080365
2.59585656458512,12.2474036752246,0.49217546870932
1.53528247959912,5.59533651545644,0.0841190670616925
2.90438855299726,13.3031187304296,0.655841438565403
6.28546951618046,30.3175233276561,1.90900729829445
6.25966903707013,31.448327191174,1.77907863212749
5.74229712039232,26.4166512438096,1.3856068123132
5.01417203526944,24.7239753608592,1.28101362753659
6.7551366314292,32.590085552074,1.98853955324739
5.55670949397609,24.7615516628139,1.31141159823164
4.88830899680033,23.6687655095011,1.41706093633547
4.4272908247076,21.1716179768555,1.08813204942271
4.47583003854379,21.7117029544897,1.18828404089436
2.27256532339379,11.1203074101359,0.57831947458908
1.99303629342467,9.20283513516188,0.294227294623852
6.24060716386884,31.4264917480759,1.92604846507311
6.50026006670669,31.4836390395649,1.80459809023887
5.03937195288017,24.5865774545819,1.38141055684537
5.03338077990338,25.0916080321185,1.59093483537436
1.39113407256082,4.67575102904812,0.049227369017899
3.96276439307258,19.0948568861932,0.955591942183673
4.84924565255642,24.8740589204244,1.51691907504573
2.41753935348243,11.7519380114973,0.432815871667117
2.76285719871521,14.026495418977,0.636362015269697
2.2852149088867,11.1248262510635,0.463251570705324
2.52338967751712,10.1534295924939,0.285600044764578
3.92645258037373,17.1034640455619,0.829092671629041
3.39611946884543,16.0236264597625,0.827448652591556
3.25560123147443,15.7178654810414,0.737690901849419
1.39958264166489,7.86614351999015,0.304889495484531
0.984558050055057,6.43274207739159,0.277612126898021
2.18079477921128,10.9698191890493,0.466068198904395
2.82199113350362,14.4570286888629,0.931924900505692
3.33083477942273,13.2834271932952,0.531945280730724
7.13219763943925,32.6484225536697,1.71565543068573
1.69269777648151,6.80885406723246,0.0916623333469033
4.30663142586127,18.4195356396958,0.88440014841035
6.57734161289409,31.2209034562111,1.59784969128668
1.81021702522412,7.2189284726046,0.24379851995036
4.47631508624181,22.0033335890621,1.12189596751705
1.79206810519099,8.11013113660738,0.41306277923286
2.08358575310558,9.10661624325439,0.255063300486654
5.00671767070889,25.6279312386177,1.50661572860554
5.94680456444621,30.1101843267679,1.7900907183066
3.67833857238293,16.8737096488476,0.748925551772118
5.44575843401253,24.549989442341,1.33023038925603
0.915130042936653,5.58608103496954,0.189681321848184
2.91644034441561,14.5928798764944,0.767939275596291
2.38611642085016,12.1237761094235,0.548767289146781
5.04328334191814,25.2453869418241,1.62928007775918
4.1173984259367,17.7549538146704,0.897032682783902
5.96223157644272,28.2544064284302,1.6201287060976
5.14606784982607,25.7262431127019,1.62477901903912
6.71438131481409,31.3257745099254,1.58868464222178
3.76291644340381,18.4340530554764,0.879663375206292
6.10366971511394,27.6202940163203,1.5089503172785
5.47315495787188,25.7967936648056,1.25844226311892
6.01717795757577,27.7841905844398,1.42036480270326
1.60470138769597,5.62217177590355,0.00124954665079713
4.13219641754404,19.4319787486456,0.950633148197085
2.57856883248314,11.9123316737823,0.44023777032271
2.82171723572537,14.0667415601201,0.75963307544589
3.73650567047298,19.3517840849236,1.22554200654849
2.95051588537171,15.0046962341294,0.703595818486065
1.37768188817427,5.56464183796197,0.222270848695189
2.24637934425846,9.96918824873865,0.487238945439458
4.35220718942583,22.4669667487033,1.33611117489636
3.14516491675749,15.9028278528713,0.835293559357524
5.55628513265401,26.3439642372541,1.57639166805893
2.13585925893858,8.57109059905633,0.205729288514704
3.15313685918227,15.9623745479621,0.869785482995212
6.14090679399669,31.0364260175265,1.96991395996884
5.41697991639376,28.9484136360697,1.78610222879797
6.93252496048808,32.7926212307066,1.77293812157586
2.01056877477095,8.76297504268587,0.350105300545692
2.3966700299643,9.06589690875262,0.261391383130103
4.07662291359156,20.6695953127928,1.30620385007933
2.29177365265787,11.1865496863611,0.687032944522798
4.19938134681433,20.5329925897531,1.31351625593379
3.39973653899506,14.6646551354788,0.640746484976262
2.64034378249198,11.658202515915,0.375382238533348
6.67867642501369,31.3437453154474,1.56458860263228
1.81067589484155,7.38677285052836,0.18718997342512
3.37805446656421,16.7799827130511,0.93355808313936
3.46885630814359,16.6796739008278,1.02301091980189
5.20176945300773,24.0648594810627,1.19997791852802
3.4524666625075,15.0581100457348,0.665647080633789
3.36577415140346,16.8101081624627,0.977226067334414
7.21531997574493,35.0271834386513,1.90894765499979
4.63072179956362,21.0489911385812,0.9658047943376
6.40091284550726,31.3238689708523,1.78070044424385
6.68390621524304,31.366236419417,1.82887637382373
5.52767455857247,24.2950616418384,1.21746996464208
4.36558685591444,19.7781373099424,0.821379553060979
2.20363274822012,10.0510795870796,0.294189381878823
5.75637198146433,29.9339676685631,1.87059960654005
3.46003655716777,14.5569832134061,0.602457799948752
1.32341158529744,5.1188634079881,0.121441143099219
6.46881920704618,31.7674815407954,1.89545388007537
4.92182319192216,24.4561304734088,1.44119254685938
1.34238227270544,6.1743419887498,0.284588591195643
4.13932819990441,20.5356138772331,1.09856931213289
7.60008778516203,34.2983975242823,1.90818247711286
4.04187035188079,20.5743831833825,1.17096670623869
3.56419919850305,17.2284961747937,0.809020563494414
4.29173001134768,22.5115539301187,1.29578695865348
2.3045349563472,12.0756355687045,0.639641234185547
3.28354355553165,14.0831552357413,0.615440021734685
1.94564157864079,8.91060323175043,0.439535262528807
2.49371344968677,13.6506430814043,0.738977731671184
6.0213766163215,29.9239033940248,1.96843840694055
2.78741308720782,11.9127203202806,0.308404601644725
1.68294002348557,7.18921422306448,0.182087999768555
1.08698216779158,5.83475480042398,0.283813815563917
5.26963157206774,25.9515694272704,1.38001420302317
4.79605126613751,22.1483323909342,1.23851296678185
6.98772973986343,32.4174954094924,1.78278823429719
5.44395356345922,24.6839396758005,1.34599818522111
5.55796317476779,25.8182645337656,1.47415547585115
4.56943288724869,21.3148218658753,1.04227145155892
5.46391912503168,25.4340510829352,1.31967689935118
5.69367795437574,27.8859962704591,1.64361092029139
5.29370987275615,26.9387085759081,1.57256310340017
6.9422981585376,34.5095345485024,1.9596438347362
3.15588136017323,15.7716422835365,0.878863072488457
3.53379384800792,15.7492535081692,0.623404404148459
3.26757748518139,15.0781909069046,0.818949905224144
0.208066522143781,1.45973880263045,0.0209342236630619
3.01061439327896,11.3378430465236,0.36769904801622
5.49074347922578,26.8900896697305,1.68545863777399
2.19822122575715,9.56714849919081,0.462323564104736
2.68593636481091,11.4873047145084,0.478199911303818
1.71695659961551,6.84606418712065,0.153382330667228
2.1308193965815,10.6094598989002,0.491447356063873
4.67063021706417,24.2116403351538,1.46427041105926
6.91403333144262,31.563574613072,1.69490633020177
4.18339553708211,20.4508804464713,0.995054534170777
3.82666837098077,17.5278223659843,0.775818059686571
3.31660345522687,13.2293546837755,0.492897988297045
1.72410955978557,7.24361069826409,0.222192922607064
3.08392410352826,14.5361410519108,0.779988870490342
3.56322852615267,18.4688408812508,1.14387062797323
3.01009642425925,13.2795679192059,0.433785525616258
3.68943061493337,16.870586570818,0.889536004047841
1.72794012958184,8.60435286397114,0.435981337446719
3.76548425294459,19.2672731238417,1.0045991265215
2.53815843071789,12.1101716463454,0.707809143699706
4.81839258735999,23.5155798210762,1.29997031763196
2.73128823982552,14.0981662105769,0.749427913222462
2.37005292950198,12.5579039263539,0.710890761576593
3.34706597216427,18.4384858044796,1.06737589091063
5.82398586208001,26.4466421138495,1.48066872078925
1.90053286543116,10.3349789259955,0.442205875646323
2.77530170278624,14.7694711503573,0.8254922372289
3.53898413944989,14.6786918560974,0.531373373698443
4.60086710145697,21.6682910434902,1.25994610693306
1.90659865317866,8.82346819993109,0.367656981572509
6.47897736588493,30.1733108600602,1.72728822287172
6.31201950414106,28.7479717270471,1.49313600827008
4.44303217623383,22.9900720585138,1.33656929945573
4.80410498334095,21.9292872576043,1.23603574652225
3.67352927708998,16.1382088572718,0.744476120453328
3.9735061256215,19.9633704661392,1.05967137170956
5.43609684240073,26.8848782274872,1.74936468573287
4.76029340876266,22.8456273460761,1.16350019956008
5.04356420924887,27.1311626802199,1.67953552957624
2.29573546908796,11.9584253611974,0.624896329827607
5.60778755228966,25.340281361714,1.41658064443618
3.3224850972183,14.0792474132031,0.530035612173378
5.16545339534059,24.0617062118836,1.18868638807908
3.1577315996401,15.3050366244279,0.962579600978643
2.36519290413707,11.9669366073795,0.53006546292454
4.9644864667207,23.1613754355349,1.12918086955324
6.86495667137206,32.081190219149,1.82637644605711
6.59979227976874,32.1136968657374,1.80374877899885
1.89271503174677,10.3113094959408,0.548333243001252
3.03905274393037,13.3190567754209,0.642965512815863
6.81266808183864,33.6051277946681,1.97128176875412
5.25229291850701,25.0575065407902,1.23998662037775
5.67607997823507,29.97795852134,1.87462817830965
3.18953907769173,16.7291561313905,0.933065404649824
4.20346468919888,18.8640698492527,0.813665186520666
4.17498513218015,21.6184575110674,1.31846064841375
2.85118155693635,11.1882505067624,0.304693233687431
4.20759953511879,19.7538995291106,1.14573411643505
3.14953897567466,13.953658177983,0.477452053688467
7.54892312781885,35.6285175653175,1.92471787286922
4.58637735294178,22.5521704754792,1.20273145195097
4.52636198140681,19.7960746735334,1.03005945449695
3.38885119836777,15.3464139834978,0.805146684404463
7.25889696925879,33.5369473393075,1.76049308246002
2.3140534479171,11.472540366929,0.728183729574084
2.04476124001667,11.0077869719826,0.576478561386466
2.59456864744425,10.958786312025,0.341290470212698
2.11740705789998,8.9838979486376,0.344343492761254
3.72535032359883,17.7446757685393,0.96408521104604
3.51555486908183,14.9277000850998,0.505929857026786
1.80887497169897,8.34604172501713,0.4325095792301
5.06200967077166,23.4955494762398,1.34875277616084
0.443924119696021,2.9706243481487,0.0953272548504174
5.83245525369421,26.1140010114759,1.40170617494732
2.87569015100598,13.0365702849813,0.703777276910841
4.05802940344438,18.3612664695829,0.817887995857745
5.32155521726236,26.9441664135084,1.6419026479125
7.40594362933189,33.8551921048202,1.83771469630301
2.38651492912322,11.0819028113037,0.565056660212576
6.81072925683111,33.230446874164,1.92220958741382
4.59374258248135,24.1834765537642,1.45678885653615
5.89020019443706,26.0098127978854,1.37275016400963
2.22557360306382,9.29551819479093,0.105687885545194
2.4520823340863,12.143063003663,0.790440269280225
3.85430465638638,17.6567363054492,0.955690759699792
3.81364699173719,18.8213642891496,1.12050652736798
5.90717024775222,27.8104413151741,1.39652318973094
6.55597269814461,31.0248411819339,1.83136707684025
3.71938366582617,20.1690791309811,1.23670245474204
3.12564921285957,16.2357100201771,0.856843017507344
3.90288848942146,19.1576689425856,1.08416073443368
1.52828348474577,6.5829979958944,0.116956977173686
2.06451054383069,9.97389728529379,0.521713714115322
2.46914628148079,13.1055372003466,0.794303906615824
1.40782599523664,8.48122939327732,0.395489473361522
6.3990730009973,29.6712783542462,1.66385512566194
2.79536581458524,10.2656582361087,0.305774445645511
5.4428492882289,27.9037140300497,1.60683708405122
3.43794279964641,17.3958399915136,1.09365231310949
4.61739403475076,23.1082082414068,1.3246352840215
2.28000203706324,9.05115051288158,0.343396987766027
4.67881585797295,23.5716040898114,1.26611071964726
3.47390908189118,16.0012428546324,0.623739493545145
4.90589368855581,25.1486382950097,1.44910869281739
3.53506533475593,16.2412318498828,0.797879649326205
5.90039449092001,30.8955243583769,1.93871282227337
6.18582513462752,30.766067636665,1.93479674123228
5.81438817549497,26.742500571534,1.45340507803485
3.1966805793345,14.6751903616823,0.514433492906392
2.35216975864023,11.6920389076695,0.443575869314373
4.69372624158859,22.1578192273155,1.18609130335972
1.60744023229927,9.5571280149743,0.535042864270508
3.47397859953344,17.4520044350065,1.06214079773054
6.44368419377133,29.2270303312689,1.57058334257454
1.17348698433489,6.77291074022651,0.336121621076018
2.91553645022213,14.2802980537526,0.808798362035304
4.79254398075864,20.1533293290995,0.943152555264533
6.36380340019241,31.4725835276768,1.73621361376718
6.05170046398416,30.6396771054715,1.8514159116894
6.5217732633464,31.8734149434604,1.76395511860028
4.1086356965825,21.339540167246,1.34837368503213
5.99384896457195,29.6356050428003,1.90033395867795
4.50481531349942,21.072375562042,1.03288978850469
3.59023554483429,17.7288324604742,1.15303804259747
3.2616013600491,14.1466958303936,0.672662411816418
3.95860251924023,17.8353348048404,0.694649262819439
0.295935032889247,1.43441219441593,0.0400486011058092
4.96248529246077,21.4384956122376,1.00562609126791
5.27828190289438,26.7754160328768,1.74208682728931
1.48826060770079,5.16412104526535,0.0126015678979456
1.33975552720949,5.32644544867799,0.144114247988909
2.11763215996325,8.38452486554161,0.328422449994832
6.36746653821319,30.1524817240424,1.54066814854741
5.5202321941033,27.3017031806521,1.47036861162633
7.30655822856352,35.4678796366788,1.94375127134845
4.04509258503094,18.6395463570952,0.932944753672928
1.06836389144883,4.97303583892062,0.148769026622176
4.67730171512812,21.9180549327284,1.29763624863699
4.95573392789811,24.6899623544887,1.51718633901328
2.52819726523012,11.0231528971344,0.274212162010372
3.59316786937416,16.2806450780481,0.793169189244509
2.86210800288245,12.2927179816179,0.44997065840289
1.47278498066589,6.16905628051609,0.115917121060193
2.92715415544808,13.8727148561738,0.791785376612097
1.8606866071932,7.4383969749324,0.129856599960476
2.45387818524614,10.2932586409152,0.451772865839303
1.02002874249592,4.94384560547769,0.10925821820274
5.05162350693718,24.2882078494877,1.34056407911703
3.4179865908809,14.2821185491048,0.595483565237373
1.65687463246286,7.98230019025505,0.201443164609373
0.837504683062434,3.77241608919576,0.143808194436133
6.97885877359658,32.3454873813316,1.7608811375685
5.26647284254432,26.6191110685468,1.50849480414763
5.50628566741943,26.7945293467492,1.63321177521721
7.43403633590788,34.6710546882823,1.96428074734285
2.08849497977644,9.26147121796384,0.207199289929122
2.27206297265366,9.24283582018688,0.198083658702672
5.93108735186979,29.0938388970681,1.59766322234645
4.76001327577978,24.6495116907172,1.56915053306147
1.02883388707414,4.98812244227156,0.0188598101958632
5.75975736230612,26.966201393865,1.55813176557422
6.04966414533556,28.1438205344602,1.4587813038379
5.23812019312754,24.7214638725854,1.26026370562613
3.99569259351119,18.1384400669485,0.961821659933776
1.08664990309626,6.2770229303278,0.31327370274812
0.322297717444599,2.4085420453921,0.0164310396648943
4.08396775787696,19.519825801719,0.904916788451374
3.15300384489819,16.0176508752629,0.984586657490581
2.74509447952732,14.0038329176605,0.779174223076552
3.51995592797175,16.1458414439112,0.929331883788109
5.9720655195415,27.2157768500037,1.42655800143257
0.805556748993695,4.35553621221334,0.110603852663189
3.53845428628847,16.0919740493409,0.709566195029765
5.03209129907191,26.3666055104695,1.60562454583123
6.57239075936377,29.9814619156532,1.67141767404974
1.93670779652894,9.98983159149066,0.475498809944838
3.22000326775014,14.3110575452447,0.707972205244005
5.20911556249484,27.0836908123456,1.71377084031701
6.734799195081,31.8396980282851,1.70752674760297
2.45087834680453,11.9599568010308,0.591790910810232
2.71486166352406,10.6482079057023,0.294096649158746
4.93816520366818,24.6593451579101,1.40798412263393
2.57357015553862,9.91379963979125,0.207613376434892
0.971123683266342,3.77972002187744,0.0674555459991097
6.97377423802391,33.8224464426748,1.99880905589089
1.19080128706992,4.14928534859791,0.0697496081702411
2.05485695088282,10.7406274052337,0.676782567519695
6.77332897111773,32.4089130545035,1.83012752328068
4.72856156108901,21.6360275051557,1.23447053926066
2.35841632867232,10.9328772979788,0.572570697404444
5.58965073339641,26.895307820756,1.47559480601922
6.23901467164978,30.1596432672814,1.66810861835256
2.76217375788838,13.6114954496734,0.628541560843587
3.29613724816591,15.9456274490803,0.985133095644414
5.61440359055996,25.4091927092522,1.39474753243849
5.34434722131118,25.6233810326084,1.28292470797896
5.55136690614745,26.242942513898,1.28784582996741
6.93663852289319,34.3870595097542,1.95570680964738
3.09288252983242,15.5553488996811,0.829470668919384
1.62946504401043,6.63395322393626,0.238809559959918
3.92486302973703,19.9072323483415,1.05205932026729
1.8485338143073,10.0906054284424,0.450146701652557
4.2277240739204,18.858594618272,0.972823528107256
4.13193619437516,16.9851207961328,0.740429596975446
6.48226699931547,32.3794610295445,1.96670036157593
3.63029286405072,16.2815185678191,0.77663823030889
2.44818890374154,11.015838033054,0.458489680662751
4.93468901095912,23.2131114131771,1.24659509258345
0.869037721306086,5.8034097449854,0.273080394137651
5.81450044503435,30.7004680195823,1.93493898864836
3.35318735614419,16.8051338675432,1.03014361578971
1.02805618289858,6.50096912775189,0.326140658464283
3.91567267477512,20.2017889381386,1.2438045903109
6.86684143962339,32.5645109037869,1.9719083304517
4.4059426272288,21.3183817523532,1.33754303492606
4.14284327859059,17.9306907467544,0.837831793818623
2.42818841524422,11.6014973842539,0.646689986344427
5.98914719559252,28.8352779760025,1.6705106399022
2.16066722106189,9.30730945290998,0.287634087260813
1.47432862129062,8.16425243578851,0.385631893761456
7.05438791774213,32.4040161622688,1.79347736528143
2.72191038541496,13.6545298341662,0.616239108610898
2.64679431123659,13.2652370319702,0.726601087022573
5.30139085650444,25.8372243181802,1.56789295747876
1.47911475319415,7.39772593928501,0.386757359839976
1.27772907959297,5.3749809297733,0.0355316237546504
2.73720315191895,14.5470065739937,0.813215732574463
3.2571251350455,16.7122593382373,0.966335338540375
3.20951271103695,16.4480676879175,0.843689900357276
2.42465668777004,12.206082241144,0.685617603361607
6.00998293235898,28.8385401521809,1.73296662932262
3.95776754245162,18.2762400731444,0.910216101910919
4.57393191056326,20.8857897659764,1.0675297472626
7.43011119170114,34.3515834826976,1.92768666381016
5.39551348006353,27.3317039967515,1.54918308416381
3.15894010057673,12.915685897693,0.417752697132528
1.89038531435654,9.40448130248114,0.617573665454984
7.05280464608222,34.7009728173725,1.94268490048125
4.43654808867723,21.0775366988964,1.16980018699542
5.27440099325031,24.9691695552319,1.52164725074545
4.0011024242267,18.4368690126576,0.745418788865209
4.76676918426529,24.2857145993039,1.53838782245293
4.99264548160136,23.4017977509648,1.0753543660976
5.86041636951268,28.8284272858873,1.82799089932814
1.54191214498132,7.9737299438566,0.370592883788049
3.43237508740276,15.2724666595459,0.564436834771186
0.691450591664761,3.60170347057283,0.189924826379865
1.73272167611867,9.14540698379278,0.420974158216268
7.84862500336021,36.4024790055119,1.9541979925707
3.13420850783587,12.9784830943681,0.592604350764304
5.22687176242471,24.9063133457676,1.45196605380625
5.4687468893826,26.776457644999,1.57137566851452
1.55487452540547,7.78336202399805,0.210835492238402
3.04127151751891,13.9895340586081,0.4791892580688
2.94920318480581,12.5141126238741,0.541089744772762
1.5383582925424,6.91815062286332,0.202116988133639
0.814001920633018,5.14775760192424,0.235827682539821
6.42181517183781,32.9625001470558,1.98247311171144
6.38280525896698,32.445710839238,1.97210859460756
1.28371202992275,6.71536715049297,0.274134942796081
5.55531003791839,27.9783893609419,1.81061916332692
4.45204824395478,22.1041088094935,1.15260367514566
2.86094333184883,14.9337383541279,0.79089771816507
4.21518598264083,18.6680049826391,0.899604968260974
5.33361676195636,24.9333754922263,1.4130038022995
2.39115026732907,9.47867415938526,0.165005491580814
2.20821986580268,12.1678728722036,0.678625160362571
5.98049047729,27.0411105556414,1.36157510243356
3.34649322461337,15.5700813094154,0.633898496162146
6.83342079771683,31.8290867363103,1.66313719609752
2.51871438324451,10.4611439192668,0.430344165302813
3.3096266197972,15.9284477070905,0.995897872373462
2.02217942010611,11.1112703867257,0.552099345251918
2.61250703642145,10.3432265096344,0.384046637453139
6.88277888530865,32.6802563136443,1.90124252811074
2.55531795183197,12.39565041475,0.643451075535268
4.41632710071281,20.2219700361602,0.956912767607719
0.840551835950464,3.53601448470727,0.0559851438738406
4.99611019017175,22.7178003923036,1.09491893602535
5.02649831026793,24.4697271827608,1.28848044108599
4.40902657061815,21.0514785386622,1.19252708926797
3.79676982481033,16.0175959751941,0.643874751403928
6.27208355767652,30.721002291888,1.78222862491384
3.95623434428126,20.3752581859007,1.25251389481127
2.74832821823657,12.098379405681,0.605809830594808
4.29739569779485,19.2424996583723,0.776409327518195
2.81339628668502,11.257603039965,0.320950184948742
6.04610891221091,29.9897013166919,1.72510379506275
7.45804871432483,35.4024379476905,1.90620242757723
3.9825764442794,19.492863248568,1.12728936690837
3.5732297427021,14.7039539664984,0.659094826783985
7.58072473620996,36.1884104865603,1.99323443742469
2.18276944709942,9.50291480822489,0.469639351591468
4.43921118183061,21.7337383902632,1.22534393053502
1.9401024049148,7.36371039552614,0.21635705884546
4.64553032815456,21.1325218221173,0.974065139889717
1.90994028188288,7.03521086135879,0.198891646694392
1.99964672327042,9.52894809376448,0.32233152538538
1.99552039150149,10.7076855530031,0.565985741559416
4.72876582155004,21.681248289533,1.1677446719259
4.47417959105223,22.5237755537964,1.46341531770304
1.98984345188364,8.0717810895294,0.331041822209954
6.6778230224736,30.461504613515,1.73293552640826
5.75924438191578,27.4473323351704,1.41714827436954
4.68858469976112,23.7143029696308,1.52079907245934
1.76746851811185,7.17824450926855,0.294168217107654
3.14968517888337,14.4418059634045,0.716113926842809
4.58048108918592,22.9818698624149,1.34666496282443
4.34053990803659,20.9159274953417,1.04764520330355
3.57048600912094,15.5896109933965,0.699603585526347
2.87033983319998,11.7670885804109,0.481061403173953
0.58213665150106,3.99193735048175,0.11638359259814
2.56995968939736,12.3037916733883,0.473239484243095
6.93673145351931,33.4670653888024,1.78015582635999
5.33461208967492,27.0554024321027,1.62365483213216
5.93480958417058,27.2826792253181,1.49503264436498
2.6055167503655,10.9584020804614,0.309823451563716
0.986129673197865,5.35651884414256,0.249484177213162
7.76625564415008,35.3893990283832,1.94945161696523
4.1123091452755,18.7828623596579,0.872259992174804
4.40587871847674,20.7350951768458,0.928033253643662
1.3716239342466,6.49679754022509,0.33059616247192
3.56155689898878,18.5734273320995,1.16987311467528
3.35223270114511,13.985111806076,0.541556038893759
3.21894125314429,12.4860032889992,0.460193840786815
4.42250296473503,21.7603999986313,1.3824156629853
2.65241164155304,12.1899293856695,0.565704799257219
5.7883113976568,27.1843876671046,1.6207961323671
1.96385686472058,7.07162843318656,0.187833214178681
5.06333022937179,25.4013756350614,1.64406014233828
4.03064967086539,17.977261449676,0.854856561403722
5.3271867390722,26.2288529025391,1.51177451945841
4.89728872897103,23.3133516060188,1.32477101311088
4.11776310810819,18.6767146610655,0.889054793864489
4.70288240071386,23.1390547649935,1.25429236888885
2.00184004940093,6.34922856092453,0.000930698122829199
2.99533266760409,13.2801834442653,0.434487028047442
5.88564808154479,26.7560169054195,1.409744491335
2.81428761780262,11.4926351443864,0.430332976393402
5.10781531129032,25.7106377207674,1.62786744255573
3.52453728439286,15.8465982712805,0.615527748595923
5.75415716227144,26.0243992130272,1.37548537133262
7.57891086256132,35.7745525874197,1.86536215804517
0.791307038627565,4.05998408887535,0.231559329666197
2.25980995222926,8.74485372425988,0.255411375779659
4.90797018771991,24.1147804758511,1.35644771484658
3.73797936970368,16.8754616063088,0.8578971917741
6.66787399211898,31.4307812070474,1.66880195587873
5.85568965552375,30.709136204794,1.94287613360211
0.445977392606437,2.70851269736886,0.140977955423295
4.75160257378593,20.9174696556292,0.91957038640976
5.74089004471898,27.4729888108559,1.40317023685202
1.15096622891724,5.91302080266178,0.173880335874856
7.58168758545071,36.3491010912694,1.98588803224266
3.50103239901364,15.3801699536853,0.506197988055646
0.69874979974702,3.27997997589409,0.0990768712945282
5.41002412140369,25.7672770544887,1.3726498936303
5.59666557377204,26.5166573338211,1.57385470531881
3.9976929789409,17.943415212445,0.707212151959538
4.17465528054163,18.2532764133066,0.732882889918983
2.6352399061434,12.8175746453926,0.574200261384249
0.941067360341549,4.41235772753134,0.159945824649185
3.5837041544728,16.4719995786436,0.730908539146185
2.18134757690132,9.60798192908987,0.356027629226446
4.38574250275269,20.8904380183667,1.07210744125769
3.89095476595685,19.2917992584407,1.00789742404595
6.52256072638556,32.7115118224174,1.89007020695135
3.24163649464026,14.8755799876526,0.682642567902803
3.69245381467044,16.9701448306441,0.929427548311651
2.40840440709144,8.75482490705326,0.165062363259494
6.84950177650899,31.138867911417,1.72021369216964
2.81950104516,13.6815459257923,0.791321279946715
5.25573645625263,26.0441148173995,1.47179870074615
1.87042630696669,8.92645065719262,0.343486811965704
2.77015148568898,14.6723230183125,0.909523262642324
5.38212449569255,26.6574445473962,1.54040951887146
1.22059684526175,5.47258427506313,0.125299996696413
5.27334109740332,26.2612140048295,1.63016299018636
3.21751371026039,14.807726145722,0.602285048924387
2.2150671184063,12.2912320285104,0.729342055972666
3.33508296310902,15.2993297604844,0.624225583858788
1.08966798521578,4.0751418620348,0.074739929754287
4.57530972640961,20.7443928075954,1.03760984679684
4.10196359921247,22.379483517725,1.35802683141083
5.51002797856927,28.1235138974153,1.80646712053567
0.989988943561912,3.43139711162075,0.0510533968918025
7.2221496286802,34.5940583529882,1.97815654147416
2.25691331876442,12.3048394387588,0.605775249190629
7.30171570926905,34.887034043204,1.87827680120245
5.51518011745065,25.895703620743,1.37521516345441
4.48047093953937,20.1357638402842,0.894073989707977
5.72734940331429,27.9806821485981,1.63295627757907
1.05900459364057,5.49914847686887,0.0789983957074583
4.93422009190544,23.8548964089714,1.47806337103248
2.83985104039311,13.6980937607586,0.697438987437636
5.43929040618241,27.833329288289,1.65850164694712
5.07645467948169,23.3955544871278,1.07108278339729
2.59996169200167,12.8975340980105,0.549090727232397
4.90101927751675,25.937201351393,1.60189642384648
2.09693028079346,7.69798643467948,0.183289389591664
5.65488130412996,28.4094546586275,1.66421554842964
2.76688337605447,13.1419168640859,0.553710144944489
5.87132165534422,27.9729251358658,1.50622019916773
6.33958416245878,32.4046535012312,1.9283051402308
0.594510716851801,3.54069860372692,0.16293312003836
5.97770564630628,30.0994505863637,1.70872949296609
6.03366626659408,28.6410301434807,1.60447643417865
4.2631336976774,17.8015015372075,0.770347209181637
3.90518463449553,16.8281611576676,0.655194798018783
1.40660133259371,6.98986582038924,0.409877405967563
4.41305605042726,21.1107522607781,1.13876532530412
6.1197098782286,29.8414713018574,1.77611038088799
3.95894840685651,19.8878482184373,1.05942818289623
4.15875092241913,20.6459484091029,1.17391731357202
5.35956096369773,24.9804555652663,1.33147028507665
3.74858456663787,17.989160453435,1.05978491716087
3.8392468248494,18.5797489369288,1.01968579879031
2.07730000605807,6.89082627790049,0.0323209618218243
1.87027137260884,6.81149335857481,0.0954199698753655
6.20091439830139,31.4886554758996,1.85870136506855
6.2499486929737,28.8712471574545,1.53857107739896
1.6483032410033,8.22573395399377,0.402161232195795
4.90371664287522,23.4594640955329,1.30052300076932
4.25654468685389,22.2816376737319,1.30753336474299
2.6108409576118,12.5962502257898,0.790507522877306
6.6690489067696,30.373063611798,1.62460965709761
3.46957026328892,17.1452977447771,1.09404683532193
7.04091302258894,33.3903450723737,1.77026530308649
3.87306685280055,19.2011828366667,1.10662797512487
5.4908560551703,28.4098173561506,1.81209622323513
5.09953812882304,23.1389416488819,1.17492273403332
3.25810250546783,15.7647456671111,0.846927301958203
5.74771786946803,28.8679793784395,1.8991706459783
5.74641461670399,25.8098803772591,1.41807580692694
2.53908360283822,12.6233374630101,0.826610816176981
0.977914164308459,3.30915018822998,0.0367281674407423
3.91365816257894,19.2648456715979,1.13346816552803
3.93641116051003,19.212812368758,0.980126906186342
6.57875458849594,31.766915303655,1.75734804244712
5.04442989872769,25.082906357944,1.62570537580177
5.48554478865117,28.629644931294,1.70819995505735
2.41630068980157,11.9500622996129,0.735791895538568
6.86848544469103,32.0621787705459,1.74789982568473
2.16303391195834,9.43498177360743,0.302676342893392
2.95201499015093,14.1023961878382,0.563623339403421
4.78201064746827,23.9865433778614,1.33341031568125
6.72880860837176,32.981194825843,1.95476715359837
4.19370642444119,20.3429340738803,1.165479473304
4.74665599456057,21.6510255625471,1.0531801590696
2.13856557337567,8.73853928828612,0.121564449742436
7.11648735543713,34.2326151547022,1.93807772733271
1.90714929997921,7.37220744416118,0.240474257152528
1.18582399375737,5.00181661266834,0.176726602017879
5.43596342531964,28.5612805220298,1.76152822980657
4.23299826262519,19.7581955697387,1.01674125948921
2.38164351088926,12.7493916763924,0.674989994615316
6.84870800096542,32.9144977782853,1.78866925090551
0.779582184739411,3.3162739709951,0.0639432561583817
2.70174980582669,11.4054256649688,0.474459394812584
4.36858690110967,22.5843607028946,1.37298070220277
1.86544210743159,9.05389854777604,0.451636846642941
3.55211690347642,16.250230604317,0.636989176273346
2.65146368648857,10.2932600760832,0.347967633511871
4.9002467636019,24.6338884765282,1.60285916738212
2.62875579157844,10.9185771220364,0.2925641159527
5.19232252985239,25.8218374131247,1.64543478330597
3.20364977885038,14.9119406393729,0.66199565725401
3.1841500736773,15.0665345843881,0.748338775709271
4.89305471396074,23.719348908402,1.25949084758759
2.04058802733198,7.95439505763352,0.193267486058176
1.07167966943234,3.70150049123913,0.0439874306321144
7.93548880005255,36.527583012823,1.98608956066892
5.47296984307468,24.5115731577389,1.16787769133225
5.47750775283203,27.2949226144701,1.56364613026381
6.56907101068646,30.755106665194,1.78379224520177
5.22016018163413,25.8918368415907,1.50973090715706
6.7494475049898,32.998480360955,1.95840746024624
0.723146334290504,4.57192095182836,0.0882941358722746
5.43254980444908,28.9590662503615,1.80680176941678
5.24075866071507,26.414098969195,1.73100162809715
4.7699624048546,24.2293733214028,1.55081518273801
3.79004979133606,17.2885347129777,0.753632833715528
1.19073630310595,5.60393597604707,0.0842160973697901
3.88813025038689,17.0570630403236,0.728822163306177
2.80594639992341,12.1563087813556,0.547502539586276
5.47658140910789,26.9670768440701,1.70093496143818
3.39253223175183,15.1586915459484,0.724803424905986
3.61355020990595,14.584266289603,0.608955581206828
6.14345436822623,28.8791240043938,1.51827067881823
6.0771934138611,29.8621500800364,1.68966924864799
3.59358591400087,16.7728832000867,0.915843122173101
5.68655256228521,26.749144104775,1.4592633289285
2.39994884515181,8.53736482141539,0.208157272078097
3.1039320086129,12.1481259590946,0.439966355450451
6.08048856211826,31.4830697076395,1.9079024954699
5.02723009698093,25.3364377520047,1.50407508248463
5.14060930907726,26.5307125267573,1.63791076652706
4.10098052769899,18.2382710459642,0.835554203484207
3.78210793621838,19.0318486317992,1.18767698621377
6.45108473626897,30.8290373943746,1.59764711558819
6.87254449632019,31.3246807428077,1.77681730082259
4.19852836895734,17.572509679012,0.770383186638355
1.47584769269451,7.4542643437162,0.180644168518484
5.63417311757803,26.0109185106121,1.25148727418855
6.0441831885837,29.0794862015173,1.49127243459225
2.26148649398237,8.33048787526786,0.170756914652884
2.592030974105,12.5466695735231,0.601035222411156
3.88677126541734,19.1796480161138,1.22912431461737
5.07151518855244,25.8542976616882,1.50586411589757
6.9467869005166,33.6061770282686,1.83411426609382
3.56711339298636,18.1896053254604,0.951501011382788
4.16814056364819,19.3325092983432,1.13423893228173
4.48365937825292,22.7732234201394,1.47324069216847
6.18757512047887,30.0666322498582,1.7148948488757
5.69703484745696,28.726303725969,1.81829300895333
2.10866170516238,8.42098913853988,0.112764450721443
3.16674242261797,15.6192728383467,1.00581660820171
3.67172453179955,16.5360529334284,0.701089546084404
6.78160134283826,30.952856387943,1.69111224589869
4.9129673242569,24.9620786840096,1.61287032766268
1.25427438272163,6.63712543109432,0.2346624545753
5.56025922810659,25.5895287459716,1.42537310998887
2.98176986724138,12.5398044353351,0.470537716057152
1.24986593099311,6.017787928693,0.149913502391428
7.48448154283687,34.5115804905072,1.87129229446873
1.72404089244083,8.14246025681496,0.314335650298744
4.73026271443814,22.8658561040647,1.29411470005289
1.61394987907261,7.17819146765396,0.347035492304713
1.34394087223336,4.33507921919227,0.0401480183936656
4.24550855532289,19.323598229792,1.04262769268826
0.597601629793644,4.42590103205293,0.172555786557496
3.1885779700242,13.2465381375514,0.566004692111164
2.93558424757794,14.0008532386273,0.840869802050292
4.83666067523882,21.614467530977,1.17455624835566
5.88499592011794,28.1701047220267,1.61338885920122
2.47884442284703,11.5685318498872,0.403990417718887
3.99167429795489,18.1490968354046,0.918849343433976
3.25864977808669,16.0425397320651,0.896286227740347
4.85010099411011,24.1822425527498,1.46749551640823
5.36656757397577,25.3802620167844,1.42950962111354
6.98007582779974,32.7705917889252,1.6624439577572
5.97722979914397,30.4305919609033,1.7731322417967
6.36253962060437,31.0798800694756,1.90528914798051
3.37434736685827,18.189062661957,1.10123344371095
4.185238301754,19.2573138978332,1.04467153223231
2.21780336182564,10.5822847038507,0.341396510601044
4.35980267822742,18.9592647007667,0.958543119952083
3.42859903816134,15.308984500356,0.507641592994332
1.21792629780248,4.5515634980984,0.0795612740330398
3.97537774965167,20.1808042326011,1.26960101956502
3.75722148222849,17.9899351880886,1.07912182807922
2.59031455079094,10.6206147437915,0.280207099858671
3.40638893377036,14.940394946374,0.567423553671688
5.18399290041998,24.5406758990139,1.16606119042262
2.88396270247176,11.0203339476138,0.330051784403622
1.8831699336879,8.43811656767502,0.19260222138837
3.54798967856914,17.0262302518822,0.857226182706654
2.51008279575035,13.7706013931893,0.711523131467402
6.49566736072302,30.5097884908319,1.68986707972363
1.73093478335068,9.76276447949931,0.520264947321266
1.06126576429233,3.613228445407,0.046288984362036
7.04621185129508,32.7481155339628,1.72479907935485
3.69811510294676,15.5385737461038,0.669175922404975
5.22310666413978,25.0890415566973,1.26357774343342
3.52617024909705,18.7595298588276,1.09285251749679
3.44832188170403,16.57453141734,0.752888986375183
3.09494369337335,13.1488217529841,0.37174603017047
3.80446052271873,17.3948720428161,0.857881182339042
4.33079692535102,22.5167721663602,1.26154719712213
3.25246779387817,17.0062389164232,1.04168470250443
4.1023345743306,21.2196030984633,1.31924267439172
6.12318801600486,27.8088397281244,1.45872186264023
3.64658723352477,16.9163349689916,0.973645746707916
4.19798399228603,19.0221620425582,0.768913231324404
1.15763893304393,3.99715837650001,0.0136670176871121
1.04742766730487,3.78182151913643,0.00736845517531037
7.86516196792945,36.8518081107177,1.98987288028002
0.866924472153187,5.02865579770878,0.215773760341108
4.14983005123213,19.4161048340611,0.837338316719979
5.06199149321765,24.0104535054415,1.43576909322292
5.56851688912138,26.7036181059666,1.4850782644935
5.8597353156656,29.8739361013286,1.74399764742702
3.81189352693036,20.475970920641,1.21573592210189
6.09709519241005,29.1748036113568,1.51240670261905
5.46991724520922,28.1342084393837,1.69448259612545
4.98784882901236,22.6512444149703,1.22555929794908
5.6296391133219,26.6503771715797,1.58644833555445
0.531424753833562,2.10511872405186,0.0457093669101596
4.49080814234912,19.3395342053846,0.833829099312425
6.14278005762026,30.4817027561367,1.74976477492601
3.9469354217872,21.417166642379,1.29469403112307
7.42090703686699,34.2094015120529,1.84895797353238
2.77531848475337,12.011678819079,0.344450192060322
3.09736930159852,14.0186115819961,0.631625578273088
5.42356858821586,27.2789873103611,1.60851255850866
7.55247301748022,36.0424317549914,1.97792682237923
3.8385980813764,16.7511400971562,0.644771103747189
1.71125771291554,6.84323190618306,0.00238325679674745
6.20764318760484,31.1521168136969,1.98434123862535
2.8278790502809,10.6293994574808,0.296704783570021
1.41038780054078,5.01057530799881,0.0987285943701863
3.59484979044646,17.9823803501204,1.19470696523786
2.1994985002093,12.2592634279281,0.642656886950135
3.17926820507273,17.4650584552437,1.05585800064728
6.40628024656326,28.9194487812929,1.59084404073656
1.97792275669053,6.96444561285898,0.137865193653852
6.03225675551221,26.7848028172739,1.39004139462486
6.42916880873963,31.7284405552782,1.89726301468909
3.61552565265447,15.6504367957823,0.555538634769619
3.14392687520012,12.661096978467,0.498813170474023
2.53151060733944,9.7146363677457,0.318870960269123
1.6754320054315,6.99038361664861,0.143260112032294
5.27933535631746,23.1082942020148,1.11487516621128
3.93885929090902,18.5755035411566,0.979674103204161
4.75314537063241,20.4278330635279,0.988584723789245
6.13231600495055,30.9006442534737,1.77674317033961
1.11530937813222,5.25155944796279,0.0734087196178734
3.09402104560286,12.6500498256646,0.407487627118826
4.44935122970492,20.8580562127754,1.02756227832288
1.45436559431255,7.77616427326575,0.472679778002203
3.78366745449603,19.5831212243065,1.15087133971974
3.88521646661684,18.1928816237487,0.964515822939575
4.26918658846989,20.9816391137429,1.13870537746698
2.84902013186365,11.1023373026401,0.28830463020131
2.65215282328427,11.1276040892117,0.291417525149882
3.16520942049101,15.005177531857,0.824566225986928
5.50974994478747,26.2027821796946,1.3660205649212
5.73801629664376,26.2050256426446,1.30685564083979
6.84850377263501,31.5863392855972,1.83197266608477
6.15687933750451,28.9533850536682,1.62622626498342
4.35454906150699,22.0560257439502,1.35178000247106
6.04724543588236,28.6385295246728,1.61499821860343
1.31388898938894,6.56798433931544,0.256128839217126
2.4203779459931,11.9968692576513,0.501557067967951
2.43378813611344,12.8112776200287,0.663093983195722
2.95345877343789,13.8784516160376,0.814538579899818
5.11958091612905,23.2181896236725,1.2707351539284
5.79565859166905,27.7098967283964,1.61722408980131
1.87473327945918,9.3471708688885,0.517602402716875
5.46096350857988,27.6811697939411,1.63893427979201
1.51877819979563,5.0250493446365,0.0309553379192948
5.15311190392822,25.2672913861461,1.30880153318867
5.13456143811345,26.8539173575118,1.62343916855752
2.90822806721553,15.4289587875828,0.922737853601575
3.15303263580427,13.6992316348478,0.406834203284234
0.849149859044701,2.79135726951063,0.0375364343635738
3.05370435258374,14.1278195967898,0.566265394445509
7.183539214544,34.3494921065867,1.83054525125772
6.08547989372164,29.6823530471884,1.86739304102957
3.32549166446552,17.4184963647276,1.08506322745234
2.50701574934646,11.5028143213131,0.43884509196505
4.6089490801096,20.6308858101256,0.978855608031154
5.5313908373937,27.9579984294251,1.60229747230187
3.11016101343557,15.02422200609,0.81526131555438
1.91174206277356,8.1131352824159,0.207423133775592
3.6006213221699,15.4760575559922,0.561130349524319
3.36120458040386,14.9925278471783,0.722932441160083
2.57602908229455,12.6229150411673,0.518489682115614
3.13461927324533,15.3294665114954,0.941363667137921
3.88677485054359,17.1648585130461,0.731690946500748
1.15639317687601,5.4303010343574,0.242544108536094
1.62170857284218,5.57626222632825,0.0939873610623181
2.81229072762653,13.1157250837423,0.525592608377337
5.91184656182304,30.5719712530263,1.93728233594447
4.82977044535801,21.017244854942,0.976990964729339
4.0320362416096,19.6493003191426,0.95564405946061
6.21466596098617,28.8095668503083,1.49758576229215
5.04277588659897,25.0328618944623,1.33528046263382
0.82874854747206,4.88389388099313,0.0988311935216188
5.36538679338992,25.2113593905233,1.39021048881114
3.770721568726,17.1082654967904,0.726523133460432
6.68337371945381,32.3144185566343,1.76826721476391
5.61304666707292,27.9703508461826,1.55059445928782
1.76708062551916,7.232923170086,0.278407282661647
3.00688029779121,12.6495863017626,0.590018542483449
1.65503774117678,8.45457438426092,0.252165570855141
4.74482480809093,22.0922526172362,1.17980324756354
3.37927160132676,18.3000289364718,1.12335121771321
6.12231574580073,27.6834808327258,1.37744224024937
2.68054975103587,12.5507015120238,0.622541618067771
3.8694243230857,20.312448728364,1.21117368293926
7.68528410419822,36.7086255745962,1.98206863785163
5.53961540432647,25.7796255880967,1.48640983039513
2.21833811793476,8.29940439155325,0.151714260689914
2.78209311654791,15.340169953648,0.902337812818587
2.08408953156322,7.32591227302328,0.107073869090527
3.48203242383897,15.7622169619426,0.679111028090119
5.94333348609507,27.3928709579632,1.46790429763496
1.75182906072587,6.51284106774256,0.00821388093754649
5.63294110028073,27.2907736250199,1.54381896462291
4.62957931589335,20.8333270824514,0.925950422417372
4.74119144072756,24.5019458956085,1.44168070005253
4.05324549088255,21.0651735481806,1.33301143441349
4.06402846798301,19.7968994416296,1.14414744125679
5.54310219967738,26.7203800762072,1.40762590011582
4.57270896434784,22.6300281616859,1.31444212095812
3.62503564590588,15.8304963288829,0.578704290091991
2.14137789374217,9.28968410566449,0.194478911347687
6.45339041901752,31.7898265407421,1.92484264215454
5.3812967040576,25.7917150747962,1.47266805823892
4.5083304089494,22.5795080712996,1.22544693714008
2.2722410839051,9.70991904567927,0.239857761655003
4.27240829076618,20.6504739332013,1.10051809297875
1.60713587515056,9.37448508571833,0.525512555614114
6.67506757751107,32.3018786348403,1.7967216623947
0.524739644490182,2.20807356853038,0.0183598916046321
2.91146138170734,12.1215966795571,0.472469871863723
1.37148232106119,6.07390965055674,0.260089190676808
3.76983526349068,17.1102955448441,0.652466293424368
6.06504136556759,27.4542021183297,1.45279777655378
6.87439896631986,33.520957021974,1.98349047079682
4.43349766312167,21.9554710863158,1.43026705551893
4.18224631482735,20.2034911420196,1.00887962197885
3.77544469898567,17.3693552906625,0.872095343656838
7.68010505754501,35.3464699904434,1.89765050122514
1.39163775462657,7.47939541656524,0.240362975280732
1.78447460802272,7.03492739470676,0.150290353223681
7.21124096075073,33.7936135339551,1.77804298559204
3.69642624026164,17.7499208548106,0.848904190119356
1.63758690049872,5.83600135333836,0.0847213575616479
4.06417003599927,20.0748692909256,1.29488428728655
4.54463346395642,19.9203580087051,0.937238324899226
4.70983553351834,22.9122304515913,1.23585224663839
2.07140516350046,10.9995492175221,0.541630865074694
1.76861020317301,8.49947283230722,0.314590573310852
2.45813818043098,10.6130737722851,0.228508540429175
4.03728405339643,18.2110784212127,1.01536572631449
4.63370118057355,21.2342691770755,1.0960645750165
1.40888601262122,7.20182041358203,0.281292378902435
2.6527309063822,10.1935665425844,0.33953810017556
5.06411084812135,24.3662833459675,1.52397064631805
3.90366203151643,18.3368555228226,1.05478988122195
5.636984935496,28.733447724022,1.72197871515527
5.9128437791951,27.5266846939921,1.34710997575894
0.908399834763259,3.53158277506009,0.0260820593684912
4.43409221898764,22.1540024909191,1.38639780273661
7.17901183897629,32.724695187062,1.78342746431008
4.48638380412012,22.9538540993817,1.26370035065338
2.34962968109176,9.33096238132566,0.214589309878647
5.81166158057749,29.8766703386791,1.842130407691
4.77104002889246,24.2477324884385,1.35072476230562
1.3825724106282,7.14868535706773,0.297187425196171
4.56386294681579,23.1609086636454,1.4906836845912
7.22468897560611,34.8231147448532,1.88519772375003
2.92304372275248,15.2417578329332,0.841566751245409
2.57003895752132,11.3704509981908,0.595446156337857
2.20368451019749,10.9911888260394,0.518853340297937
2.54149971157312,12.0045397132635,0.445762633811682
4.4764694198966,20.4554520999081,1.13130868691951
6.52154826233163,30.5485221873969,1.5133002656512
4.52520337374881,21.692532391753,1.3392070918344
4.7496765521355,21.1485031512566,1.09304558858275
6.82399826869369,30.2558655184694,1.62292731553316
5.67109329579398,26.9031013250351,1.51833360409364
0.905827116221189,4.37685722485185,0.0401369323953986
3.93480071937665,17.6867576511577,0.761807400267571
0.530049603432417,3.17299560736865,0.101760227233171
5.85897343186662,27.313201868441,1.59580587456003
6.42985844891518,32.3097347063012,1.84739842638373
3.80350464815274,19.0422401204705,1.08519674092531
5.42890267260373,27.9488955424167,1.70472920034081
5.24505332717672,23.3047638530843,1.16712572658435
5.13403157377616,25.0264842505567,1.33664728701115
4.1692670956254,19.9020151617005,1.0226291930303
5.76123410696164,28.2546312161721,1.52550117857754
6.87579945288599,32.2599961915985,1.80672457581386
6.20069764228538,29.0643559009768,1.64094902435318
1.65749142738059,7.29304480366409,0.142863699235022
0.12821175949648,1.82140853209421,0.00779268611222506
1.4435072010383,5.82750532450154,0.104397231712937
6.37404383905232,31.1358934547752,1.73312035948038
4.71460516378284,21.6699836081825,1.15249033784494
3.12683672225103,14.975731657818,0.627685144077986
5.92133478680626,30.5372525448911,1.91893156757578
3.70244776643813,19.7559968996793,1.18238751403987
4.56264539435506,21.4991359971464,1.06281867157668
3.96422721398994,17.8262740792707,0.767873343080282
2.20913912728429,11.8682401371188,0.639106458984315
6.41737767634913,29.3380397884175,1.61677251057699
1.22441714908928,5.37244185805321,0.0838389969430864
4.16098637925461,18.3822125182487,0.727485389448702
6.13779171090573,29.1652906001545,1.71319393394515
5.31220054114237,25.6950726904906,1.39589315699413
4.86343287909403,22.9886144683696,1.36897294595838
3.12536471104249,15.0263572465628,0.69603010546416
3.4766585608013,18.9755197782069,1.10936365881935
1.90040639368817,8.67631789529696,0.274487235117704
6.63171133957803,30.6491438439116,1.56986311264336
6.37679570866749,30.6127813337371,1.77372514316812
2.09889420354739,9.02176705515012,0.40819176658988
4.68827176187187,24.2510210503824,1.54124592291191
3.65364612592384,18.3048023921438,1.19272592151538
5.84071504231542,30.5223287381232,1.91533948481083
1.27404845692217,6.45906195323914,0.317376795224845
4.09404043154791,19.7300853477791,1.0519485482946
6.8507561548613,31.7961275032721,1.74630273506045
5.779431453906,28.1812446052209,1.73941214056686
1.65169982984662,6.30989398015663,0.0473772864788771
6.89898979058489,33.1793401916511,1.95177938695997
3.51923957560211,18.164979823865,0.980448396410793
2.36977634113282,11.9664999893866,0.778340646065772
3.84202881902456,16.6636430514045,0.835109919775277
0.691506852395833,3.52315847761929,0.185851640999317
2.64362811483443,11.7439053296112,0.323618420399725
2.70318528264761,13.8595717404969,0.810832990333438
3.36264288192615,15.5384945413098,0.683628888335079
4.16744017694145,17.5575659675524,0.83051490643993
2.33961080666631,11.604304225184,0.608104938175529
3.63367379503325,17.7156949751079,1.12056107493117
2.46222173189744,10.4972223900259,0.311748301144689
6.1634710514918,31.6991543006152,1.91315952828154
0.799738950561732,3.31855467706919,0.0879332507029176
3.2966088457033,14.9199163564481,0.744315485469997
6.72392578329891,33.4535356243141,1.92523068282753
4.6194524243474,21.6675575561821,1.29085503146052
1.9182755430229,8.05468875169754,0.122525228653103
3.57608351111412,16.5577406631783,0.819891856983304
2.86590404668823,13.8688175259158,0.851810268126428
5.02778540505096,22.994774971623,1.01631616940722
3.18649232527241,15.3326892140321,0.899199821520597
4.00032532541081,20.9723043148406,1.24652276700363
1.26522985706106,6.33855290338397,0.279955862089992
6.20768690155819,30.8594819088466,1.81589280162007
4.13590198615566,19.6159276808612,1.13888654951006
3.89500754140317,20.0278758569621,1.09656114783138
0.789765162393451,3.86896185437217,0.233655245043337
6.44173669954762,28.909959860146,1.52405666466802
4.007650739979,18.2869865125977,0.956738893408328
5.13341897819191,26.3183037186973,1.56393782934174
2.03208164218813,7.42048851819709,0.0920530972070992
5.85364561947063,27.9562190901488,1.63968933559954
2.70115031395108,11.4915833352134,0.538816894870251
3.26589883491397,14.1925112046301,0.565700829029083
5.15506990160793,24.086771317292,1.28644311893731
5.97849932080135,31.2861272422597,1.89623767556623
0.685265481006354,2.42404657742009,0.0139969089068472
4.01181719731539,17.9225351591595,0.703235344029963
2.89067133143544,13.7596216732636,0.838091449812055
4.24806927936152,19.7962468103506,0.915753594134003
5.18847242649645,24.5630761119537,1.42338515864685
5.80181844392791,28.7113522607833,1.83969611534849
4.17305035563186,20.4257013215683,1.25422140117735
6.7636776692234,31.54894362716,1.80436355667189
4.82003537612036,25.4163988227956,1.51465831836686
1.65823759557679,8.60664848377928,0.275716731324792
1.82202333165333,7.92517838813365,0.306509756017476
2.39376626070589,9.75130678340793,0.38262437377125
3.10145943844691,15.8245716160163,0.866370281204581
1.45162273850292,6.57132659107447,0.174438603688031
1.67369846440852,8.39458607090637,0.447560002095997
5.14850498409942,23.939212183468,1.14429735904559
2.71411886485294,13.510754654184,0.800338356755674
3.56945555144921,19.1856333436444,1.13093076134101
6.76457881601527,30.5232667634264,1.65924775740132
4.45392393367365,22.7910331473686,1.28422763897106
3.8531658523716,16.3917238153517,0.782997503411025
5.06069242442027,24.5674524009228,1.41915970947593
1.55006065079942,7.31634074868634,0.217648146208376
